{
  "id" : "89eb1db7-a324-436b-bb93-5b0330ab1393",
  "type" : "Observation-Collection",
  "href" : "https://cdc.dwd.de/portal/shortlink/89eb1db7-a324-436b-bb93-5b0330ab1393",
  "member" : [ {
    "id" : "OBS_DEU_PT1H_RR",
    "type" : "Observation",
    "phenomenonTime" : {
      "timePeriod" : {
        "beginPosition" : "1995-09-01",
        "endPosition" : "2023-05-17"
      }
    },
    "procedure" : {
      "id" : "OBS_DEU_PT1H_RR",
      "uuid" : "432300365966",
      "href" : "urn:x-wmo:md:de.dwd.cdc::OBS_DEU_PT1H_RR",
      "title" : "Hourly station observations of precipitation amount in mm",
      "uom" : "mm"
    },
    "featureOfInterest" : {
      "type" : "DataArray",
      "count" : 1,
      "record" : {
        "encoding" : {
          "blockSeparator" : "newline",
          "tokenSeparator" : ",",
          "tokenEnclosing" : "\"",
          "decimalSign" : "."
        },
        "fields" : [ {
          "ix" : 1,
          "name" : "SDO_ID",
          "type" : "string"
        }, {
          "ix" : 2,
          "name" : "SDO_Name",
          "type" : "string"
        }, {
          "ix" : 3,
          "name" : "Geogr_Laenge",
          "type" : "double"
        }, {
          "ix" : 4,
          "name" : "Geogr_Breite",
          "type" : "double"
        }, {
          "ix" : 5,
          "name" : "Hoehe_ueber_NN",
          "type" : "double"
        }, {
          "ix" : 6,
          "name" : "Metadata_Link",
          "type" : "string"
        } ]
      },
      "values" : {
        "href" : "data/sdo_OBS_DEU_PT1H_RR.csv"
      }
    },
    "result" : {
      "type" : "DataArray",
      "count" : 241355,
      "record" : {
        "fields" : [ {
          "ix" : 1,
          "name" : "Produkt_Code",
          "type" : "string",
          "description" : "reference to procedure.id"
        }, {
          "ix" : 2,
          "name" : "SDO_ID",
          "type" : "string",
          "description" : "reference to featureOfInterest.id"
        }, {
          "ix" : 3,
          "name" : "Zeitstempel",
          "type" : "datetime",
          "uom" : {
            "href" : "http://www.opengis.net/def/uom/ISO-8601/0/Gregorian",
            "title" : ""
          }
        }, {
          "ix" : 4,
          "name" : "Wert",
          "type" : "double",
          "description" : "value of the procedure at specified point in time in the procuedure.uom"
        }, {
          "ix" : 5,
          "name" : "Qualitaet_Niveau",
          "type" : "string",
          "uom" : {
            "href" : "https://cdc.dwd.de/skos/taxon/qs/Qualitaetsniveau",
            "title" : ""
          }
        }, {
          "ix" : 6,
          "name" : "Qualitaet_Byte",
          "type" : "string",
          "uom" : {
            "href" : "https://cdc.dwd.de/skos/taxon/qs/Qualitaetsbyte",
            "title" : ""
          }
        } ]
      },
      "values" : {
        "href" : "data/data_OBS_DEU_PT1H_RR.csv"
      }
    }
  }, {
    "id" : "OBS_DEU_PT1H_SD",
    "type" : "Observation",
    "phenomenonTime" : {
      "timePeriod" : {
        "beginPosition" : "1890-01-01",
        "endPosition" : "2023-05-16"
      }
    },
    "procedure" : {
      "id" : "OBS_DEU_PT1H_SD",
      "uuid" : "432300778318",
      "href" : "urn:x-wmo:md:de.dwd.cdc::OBS_DEU_PT1H_SD",
      "title" : "Hourly station observations of sun shine duration in minutes",
      "uom" : "minutes"
    },
    "featureOfInterest" : {
      "type" : "DataArray",
      "count" : 1,
      "record" : {
        "encoding" : {
          "blockSeparator" : "newline",
          "tokenSeparator" : ",",
          "tokenEnclosing" : "\"",
          "decimalSign" : "."
        },
        "fields" : [ {
          "ix" : 1,
          "name" : "SDO_ID",
          "type" : "string"
        }, {
          "ix" : 2,
          "name" : "SDO_Name",
          "type" : "string"
        }, {
          "ix" : 3,
          "name" : "Geogr_Laenge",
          "type" : "double"
        }, {
          "ix" : 4,
          "name" : "Geogr_Breite",
          "type" : "double"
        }, {
          "ix" : 5,
          "name" : "Hoehe_ueber_NN",
          "type" : "double"
        }, {
          "ix" : 6,
          "name" : "Metadata_Link",
          "type" : "string"
        } ]
      },
      "values" : {
        "href" : "data/sdo_OBS_DEU_PT1H_SD.csv"
      }
    },
    "result" : {
      "type" : "DataArray",
      "count" : 472315,
      "record" : {
        "fields" : [ {
          "ix" : 1,
          "name" : "Produkt_Code",
          "type" : "string",
          "description" : "reference to procedure.id"
        }, {
          "ix" : 2,
          "name" : "SDO_ID",
          "type" : "string",
          "description" : "reference to featureOfInterest.id"
        }, {
          "ix" : 3,
          "name" : "Zeitstempel",
          "type" : "datetime",
          "uom" : {
            "href" : "http://www.opengis.net/def/uom/ISO-8601/0/Gregorian",
            "title" : ""
          }
        }, {
          "ix" : 4,
          "name" : "Wert",
          "type" : "double",
          "description" : "value of the procedure at specified point in time in the procuedure.uom"
        }, {
          "ix" : 5,
          "name" : "Qualitaet_Niveau",
          "type" : "string",
          "uom" : {
            "href" : "https://cdc.dwd.de/skos/taxon/qs/Qualitaetsniveau",
            "title" : ""
          }
        }, {
          "ix" : 6,
          "name" : "Qualitaet_Byte",
          "type" : "string",
          "uom" : {
            "href" : "https://cdc.dwd.de/skos/taxon/qs/Qualitaetsbyte",
            "title" : ""
          }
        } ]
      },
      "values" : {
        "href" : "data/data_OBS_DEU_PT1H_SD.csv"
      }
    }
  }, {
    "id" : "OBS_DEU_PT1H_N",
    "type" : "Observation",
    "phenomenonTime" : {
      "timePeriod" : {
        "beginPosition" : "1949-01-01",
        "endPosition" : "2023-05-16"
      }
    },
    "procedure" : {
      "id" : "OBS_DEU_PT1H_N",
      "uuid" : "432300634830",
      "href" : "urn:x-wmo:md:de.dwd.cdc::OBS_DEU_PT1H_N",
      "title" : "Hourly station observations of cloud coverage in eighths",
      "uom" : "eighth"
    },
    "featureOfInterest" : {
      "type" : "DataArray",
      "count" : 1,
      "record" : {
        "encoding" : {
          "blockSeparator" : "newline",
          "tokenSeparator" : ",",
          "tokenEnclosing" : "\"",
          "decimalSign" : "."
        },
        "fields" : [ {
          "ix" : 1,
          "name" : "SDO_ID",
          "type" : "string"
        }, {
          "ix" : 2,
          "name" : "SDO_Name",
          "type" : "string"
        }, {
          "ix" : 3,
          "name" : "Geogr_Laenge",
          "type" : "double"
        }, {
          "ix" : 4,
          "name" : "Geogr_Breite",
          "type" : "double"
        }, {
          "ix" : 5,
          "name" : "Hoehe_ueber_NN",
          "type" : "double"
        }, {
          "ix" : 6,
          "name" : "Metadata_Link",
          "type" : "string"
        } ]
      },
      "values" : {
        "href" : "data/sdo_OBS_DEU_PT1H_N.csv"
      }
    },
    "result" : {
      "type" : "DataArray",
      "count" : 423643,
      "record" : {
        "fields" : [ {
          "ix" : 1,
          "name" : "Produkt_Code",
          "type" : "string",
          "description" : "reference to procedure.id"
        }, {
          "ix" : 2,
          "name" : "SDO_ID",
          "type" : "string",
          "description" : "reference to featureOfInterest.id"
        }, {
          "ix" : 3,
          "name" : "Zeitstempel",
          "type" : "datetime",
          "uom" : {
            "href" : "http://www.opengis.net/def/uom/ISO-8601/0/Gregorian",
            "title" : ""
          }
        }, {
          "ix" : 4,
          "name" : "Wert",
          "type" : "double",
          "description" : "value of the procedure at specified point in time in the procuedure.uom"
        }, {
          "ix" : 5,
          "name" : "Qualitaet_Niveau",
          "type" : "string",
          "uom" : {
            "href" : "https://cdc.dwd.de/skos/taxon/qs/Qualitaetsniveau",
            "title" : ""
          }
        }, {
          "ix" : 6,
          "name" : "Qualitaet_Byte",
          "type" : "string",
          "uom" : {
            "href" : "https://cdc.dwd.de/skos/taxon/qs/Qualitaetsbyte",
            "title" : ""
          }
        } ]
      },
      "values" : {
        "href" : "data/data_OBS_DEU_PT1H_N.csv"
      }
    }
  }, {
    "id" : "OBS_DEU_PT1H_T2M",
    "type" : "Observation",
    "phenomenonTime" : {
      "timePeriod" : {
        "beginPosition" : "1893-01-01",
        "endPosition" : "2023-05-16"
      }
    },
    "procedure" : {
      "id" : "OBS_DEU_PT1H_T2M",
      "uuid" : "432300454542",
      "href" : "urn:x-wmo:md:de.dwd.cdc::OBS_DEU_PT1H_T2M",
      "title" : "Hourly station observations of air temperature at 2 m above ground in °C",
      "uom" : "°C"
    },
    "featureOfInterest" : {
      "type" : "DataArray",
      "count" : 1,
      "record" : {
        "encoding" : {
          "blockSeparator" : "newline",
          "tokenSeparator" : ",",
          "tokenEnclosing" : "\"",
          "decimalSign" : "."
        },
        "fields" : [ {
          "ix" : 1,
          "name" : "SDO_ID",
          "type" : "string"
        }, {
          "ix" : 2,
          "name" : "SDO_Name",
          "type" : "string"
        }, {
          "ix" : 3,
          "name" : "Geogr_Laenge",
          "type" : "double"
        }, {
          "ix" : 4,
          "name" : "Geogr_Breite",
          "type" : "double"
        }, {
          "ix" : 5,
          "name" : "Hoehe_ueber_NN",
          "type" : "double"
        }, {
          "ix" : 6,
          "name" : "Metadata_Link",
          "type" : "string"
        } ]
      },
      "values" : {
        "href" : "data/sdo_OBS_DEU_PT1H_T2M.csv"
      }
    },
    "result" : {
      "type" : "DataArray",
      "count" : 634163,
      "record" : {
        "fields" : [ {
          "ix" : 1,
          "name" : "Produkt_Code",
          "type" : "string",
          "description" : "reference to procedure.id"
        }, {
          "ix" : 2,
          "name" : "SDO_ID",
          "type" : "string",
          "description" : "reference to featureOfInterest.id"
        }, {
          "ix" : 3,
          "name" : "Zeitstempel",
          "type" : "datetime",
          "uom" : {
            "href" : "http://www.opengis.net/def/uom/ISO-8601/0/Gregorian",
            "title" : ""
          }
        }, {
          "ix" : 4,
          "name" : "Wert",
          "type" : "double",
          "description" : "value of the procedure at specified point in time in the procuedure.uom"
        }, {
          "ix" : 5,
          "name" : "Qualitaet_Niveau",
          "type" : "string",
          "uom" : {
            "href" : "https://cdc.dwd.de/skos/taxon/qs/Qualitaetsniveau",
            "title" : ""
          }
        }, {
          "ix" : 6,
          "name" : "Qualitaet_Byte",
          "type" : "string",
          "uom" : {
            "href" : "https://cdc.dwd.de/skos/taxon/qs/Qualitaetsbyte",
            "title" : ""
          }
        } ]
      },
      "values" : {
        "href" : "data/data_OBS_DEU_PT1H_T2M.csv"
      }
    }
  } ]
}